cohort_month,cohort_customers,month_number,active_customers,retention_rate
2024-01-01,332,0,332,1.0
2024-01-01,332,1,55,0.1657
2024-01-01,332,2,53,0.1596
2024-01-01,332,3,37,0.1114
2024-01-01,332,4,26,0.0783
2024-01-01,332,5,27,0.0813
2024-01-01,332,6,19,0.0572
2024-01-01,332,7,22,0.0663
2024-01-01,332,8,17,0.0512
2024-01-01,332,9,9,0.0271
2024-01-01,332,10,13,0.0392
2024-01-01,332,11,10,0.0301
2024-01-01,332,12,6,0.0181
2024-01-01,332,13,5,0.0151
2024-01-01,332,14,6,0.0181
2024-01-01,332,15,2,0.006
2024-01-01,332,16,5,0.0151
2024-01-01,332,17,6,0.0181
2024-01-01,332,18,4,0.012
2024-01-01,332,19,4,0.012
2024-01-01,332,20,6,0.0181
2024-01-01,332,21,2,0.006
2024-01-01,332,22,2,0.006
2024-01-01,332,23,4,0.012
2024-02-01,310,0,310,1.0
2024-02-01,310,1,59,0.1903
2024-02-01,310,2,46,0.1484
2024-02-01,310,3,35,0.1129
2024-02-01,310,4,37,0.1194
2024-02-01,310,5,25,0.0806
2024-02-01,310,6,10,0.0323
2024-02-01,310,7,16,0.0516
2024-02-01,310,8,14,0.0452
2024-02-01,310,9,8,0.0258
2024-02-01,310,10,10,0.0323
2024-02-01,310,11,4,0.0129
2024-02-01,310,12,6,0.0194
2024-02-01,310,13,4,0.0129
2024-02-01,310,14,8,0.0258
2024-02-01,310,15,3,0.0097
2024-02-01,310,16,4,0.0129
2024-02-01,310,17,1,0.0032
2024-02-01,310,18,2,0.0065
2024-02-01,310,19,2,0.0065
2024-03-01,404,0,404,1.0
2024-03-01,404,1,90,0.2228
2024-03-01,404,2,67,0.1658
2024-03-01,404,3,51,0.1262
2024-03-01,404,4,40,0.099
2024-03-01,404,5,26,0.0644
2024-03-01,404,6,21,0.052
2024-03-01,404,7,22,0.0545
2024-03-01,404,8,14,0.0347
2024-03-01,404,9,12,0.0297
2024-03-01,404,10,10,0.0248
2024-03-01,404,11,8,0.0198
2024-03-01,404,12,13,0.0322
2024-03-01,404,13,12,0.0297
2024-03-01,404,14,11,0.0272
2024-03-01,404,15,9,0.0223
2024-03-01,404,16,11,0.0272
2024-03-01,404,17,7,0.0173
2024-03-01,404,18,5,0.0124
2024-03-01,404,19,6,0.0149
2024-03-01,404,20,5,0.0124
2024-03-01,404,21,8,0.0198
2024-04-01,354,0,354,1.0
2024-04-01,354,1,58,0.1638
2024-04-01,354,2,60,0.1695
2024-04-01,354,3,39,0.1102
2024-04-01,354,4,35,0.0989
2024-04-01,354,5,35,0.0989
2024-04-01,354,6,28,0.0791
2024-04-01,354,7,19,0.0537
2024-04-01,354,8,14,0.0395
2024-04-01,354,9,11,0.0311
2024-04-01,354,10,13,0.0367
2024-04-01,354,11,15,0.0424
2024-04-01,354,12,10,0.0282
2024-04-01,354,13,13,0.0367
2024-04-01,354,14,10,0.0282
2024-04-01,354,15,8,0.0226
2024-04-01,354,16,8,0.0226
2024-04-01,354,17,4,0.0113
2024-04-01,354,18,11,0.0311
2024-04-01,354,19,5,0.0141
2024-04-01,354,20,7,0.0198
2024-05-01,374,0,374,1.0
2024-05-01,374,1,70,0.1872
2024-05-01,374,2,58,0.1551
2024-05-01,374,3,36,0.0963
2024-05-01,374,4,28,0.0749
2024-05-01,374,5,30,0.0802
2024-05-01,374,6,19,0.0508
2024-05-01,374,7,14,0.0374
2024-05-01,374,8,12,0.0321
2024-05-01,374,9,8,0.0214
2024-05-01,374,10,8,0.0214
2024-05-01,374,11,10,0.0267
2024-05-01,374,12,8,0.0214
2024-05-01,374,13,5,0.0134
2024-05-01,374,14,6,0.016
2024-05-01,374,15,3,0.008
2024-05-01,374,16,2,0.0053
2024-05-01,374,17,6,0.016
2024-05-01,374,18,1,0.0027
2024-06-01,371,0,371,1.0
2024-06-01,371,1,64,0.1725
2024-06-01,371,2,48,0.1294
2024-06-01,371,3,41,0.1105
2024-06-01,371,4,39,0.1051
2024-06-01,371,5,23,0.062
2024-06-01,371,6,27,0.0728
2024-06-01,371,7,21,0.0566
2024-06-01,371,8,12,0.0323
2024-06-01,371,9,28,0.0755
2024-06-01,371,10,14,0.0377
2024-06-01,371,11,15,0.0404
2024-06-01,371,12,10,0.027
2024-06-01,371,13,15,0.0404
2024-06-01,371,14,10,0.027
2024-06-01,371,15,9,0.0243
2024-06-01,371,16,8,0.0216
2024-06-01,371,17,7,0.0189
2024-06-01,371,18,3,0.0081
2024-07-01,409,0,409,1.0
2024-07-01,409,1,79,0.1932
2024-07-01,409,2,56,0.1369
2024-07-01,409,3,48,0.1174
2024-07-01,409,4,42,0.1027
2024-07-01,409,5,30,0.0733
2024-07-01,409,6,24,0.0587
2024-07-01,409,7,22,0.0538
2024-07-01,409,8,25,0.0611
2024-07-01,409,9,19,0.0465
2024-07-01,409,10,19,0.0465
2024-07-01,409,11,9,0.022
2024-07-01,409,12,17,0.0416
2024-07-01,409,13,14,0.0342
2024-07-01,409,14,6,0.0147
2024-07-01,409,15,7,0.0171
2024-07-01,409,16,7,0.0171
2024-07-01,409,17,8,0.0196
2024-08-01,421,0,421,1.0
2024-08-01,421,1,76,0.1805
2024-08-01,421,2,69,0.1639
2024-08-01,421,3,51,0.1211
2024-08-01,421,4,48,0.114
2024-08-01,421,5,36,0.0855
2024-08-01,421,6,26,0.0618
2024-08-01,421,7,29,0.0689
2024-08-01,421,8,30,0.0713
2024-08-01,421,9,23,0.0546
2024-08-01,421,10,19,0.0451
2024-08-01,421,11,21,0.0499
2024-08-01,421,12,22,0.0523
2024-08-01,421,13,22,0.0523
2024-08-01,421,14,18,0.0428
2024-08-01,421,15,12,0.0285
2024-08-01,421,16,11,0.0261
2024-09-01,415,0,415,1.0
2024-09-01,415,1,76,0.1831
2024-09-01,415,2,67,0.1614
2024-09-01,415,3,52,0.1253
2024-09-01,415,4,37,0.0892
2024-09-01,415,5,32,0.0771
2024-09-01,415,6,33,0.0795
2024-09-01,415,7,21,0.0506
2024-09-01,415,8,32,0.0771
2024-09-01,415,9,25,0.0602
2024-09-01,415,10,17,0.041
2024-09-01,415,11,27,0.0651
2024-09-01,415,12,20,0.0482
2024-09-01,415,13,14,0.0337
2024-09-01,415,14,14,0.0337
2024-09-01,415,15,16,0.0386
2024-10-01,442,0,442,1.0
2024-10-01,442,1,79,0.1787
2024-10-01,442,2,66,0.1493
2024-10-01,442,3,44,0.0995
2024-10-01,442,4,33,0.0747
2024-10-01,442,5,40,0.0905
2024-10-01,442,6,39,0.0882
2024-10-01,442,7,33,0.0747
2024-10-01,442,8,30,0.0679
2024-10-01,442,9,30,0.0679
2024-10-01,442,10,18,0.0407
2024-10-01,442,11,21,0.0475
2024-10-01,442,12,17,0.0385
2024-10-01,442,13,17,0.0385
2024-10-01,442,14,20,0.0452
2024-11-01,679,0,679,1.0
2024-11-01,679,1,109,0.1605
2024-11-01,679,2,109,0.1605
2024-11-01,679,3,71,0.1046
2024-11-01,679,4,94,0.1384
2024-11-01,679,5,76,0.1119
2024-11-01,679,6,62,0.0913
2024-11-01,679,7,49,0.0722
2024-11-01,679,8,63,0.0928
2024-11-01,679,9,43,0.0633
2024-11-01,679,10,47,0.0692
2024-11-01,679,11,38,0.056
2024-11-01,679,12,29,0.0427
2024-11-01,679,13,28,0.0412
2024-12-01,713,0,713,1.0
2024-12-01,713,1,127,0.1781
2024-12-01,713,2,98,0.1374
2024-12-01,713,3,116,0.1627
2024-12-01,713,4,100,0.1403
2024-12-01,713,5,83,0.1164
2024-12-01,713,6,59,0.0827
2024-12-01,713,7,56,0.0785
2024-12-01,713,8,59,0.0827
2024-12-01,713,9,37,0.0519
2024-12-01,713,10,31,0.0435
2024-12-01,713,11,29,0.0407
2024-12-01,713,12,24,0.0337
2025-01-01,415,0,415,1.0
2025-01-01,415,1,62,0.1494
2025-01-01,415,2,96,0.2313
2025-01-01,415,3,79,0.1904
2025-01-01,415,4,59,0.1422
2025-01-01,415,5,59,0.1422
2025-01-01,415,6,47,0.1133
2025-01-01,415,7,38,0.0916
2025-01-01,415,8,34,0.0819
2025-01-01,415,9,33,0.0795
2025-01-01,415,10,25,0.0602
2025-01-01,415,11,32,0.0771
2025-02-01,406,0,406,1.0
2025-02-01,406,1,115,0.2833
2025-02-01,406,2,88,0.2167
2025-02-01,406,3,79,0.1946
2025-02-01,406,4,87,0.2143
2025-02-01,406,5,59,0.1453
2025-02-01,406,6,49,0.1207
2025-02-01,406,7,48,0.1182
2025-02-01,406,8,44,0.1084
2025-02-01,406,9,33,0.0813
2025-02-01,406,10,42,0.1034
2025-03-01,428,0,428,1.0
2025-03-01,428,1,112,0.2617
2025-03-01,428,2,101,0.236
2025-03-01,428,3,69,0.1612
2025-03-01,428,4,57,0.1332
2025-03-01,428,5,44,0.1028
2025-03-01,428,6,56,0.1308
2025-03-01,428,7,44,0.1028
2025-03-01,428,8,36,0.0841
2025-03-01,428,9,34,0.0794
2025-04-01,458,0,458,1.0
2025-04-01,458,1,133,0.2904
2025-04-01,458,2,92,0.2009
2025-04-01,458,3,75,0.1638
2025-04-01,458,4,66,0.1441
2025-04-01,458,5,64,0.1397
2025-04-01,458,6,56,0.1223
2025-04-01,458,7,42,0.0917
2025-04-01,458,8,39,0.0852
2025-05-01,479,0,479,1.0
2025-05-01,479,1,101,0.2109
2025-05-01,479,2,98,0.2046
2025-05-01,479,3,99,0.2067
2025-05-01,479,4,76,0.1587
2025-05-01,479,5,59,0.1232
2025-05-01,479,6,48,0.1002
2025-05-01,479,7,57,0.119
2025-06-01,528,0,528,1.0
2025-06-01,528,1,116,0.2197
2025-06-01,528,2,122,0.2311
2025-06-01,528,3,100,0.1894
2025-06-01,528,4,88,0.1667
2025-06-01,528,5,63,0.1193
2025-06-01,528,6,63,0.1193
2025-07-01,528,0,528,1.0
2025-07-01,528,1,143,0.2708
2025-07-01,528,2,137,0.2595
2025-07-01,528,3,98,0.1856
2025-07-01,528,4,90,0.1705
2025-07-01,528,5,73,0.1383
2025-08-01,496,0,496,1.0
2025-08-01,496,1,131,0.2641
2025-08-01,496,2,93,0.1875
2025-08-01,496,3,96,0.1935
2025-08-01,496,4,77,0.1552
2025-09-01,510,0,510,1.0
2025-09-01,510,1,116,0.2275
2025-09-01,510,2,125,0.2451
2025-09-01,510,3,99,0.1941
2025-10-01,533,0,533,1.0
2025-10-01,533,1,128,0.2402
2025-10-01,533,2,136,0.2552
2025-11-01,868,0,868,1.0
2025-11-01,868,1,221,0.2546
2025-12-01,850,0,850,1.0
