order_month,orders,active_customers,net_revenue,avg_order_value,gross_margin_pct,revenue_mom_pct,revenue_yoy_pct
2024-01-01,307,301,65270.78,212.61,35.4,,
2024-02-01,326,324,71533.5,219.43,35.7,9.6,
2024-03-01,471,464,95691.68,203.17,36.9,33.8,
2024-04-01,470,467,87611.71,186.41,37.2,-8.4,
2024-05-01,529,519,111064.25,209.95,37.3,26.8,
2024-06-01,561,559,128306.93,228.71,35.9,15.5,
2024-07-01,606,593,130062.5,214.62,36.0,1.4,
2024-08-01,634,624,132929.82,209.67,35.6,2.2,
2024-09-01,644,630,132366.52,205.54,35.4,-0.4,
2024-10-01,731,711,154021.53,210.7,35.0,16.4,
2024-11-01,939,920,182543.89,194.4,32.5,18.5,
2024-12-01,1021,1001,216348.21,211.9,33.5,18.5,
2025-01-01,811,790,168505.82,207.78,35.7,-22.1,158.2
2025-02-01,742,731,172150.29,232.01,33.9,2.2,140.7
2025-03-01,975,949,210432.4,215.83,35.5,22.2,119.9
2025-04-01,1010,978,221710.99,219.52,35.8,5.4,153.1
2025-05-01,1082,1047,230906.59,213.41,36.3,4.1,107.9
2025-06-01,1082,1065,236319.99,218.41,34.8,2.3,84.2
2025-07-01,1139,1110,257995.04,226.51,34.7,9.2,98.4
2025-08-01,1182,1142,249775.23,211.32,36.0,-3.2,87.9
2025-09-01,1250,1214,283656.8,226.93,34.5,13.6,114.3
2025-10-01,1233,1181,269575.78,218.63,35.3,-5.0,75.0
2025-11-01,1562,1521,312488.26,200.06,32.5,15.9,71.2
2025-12-01,1741,1691,375869.53,215.89,32.8,20.3,73.7
